feature,importance_mean,importance_std
hf_power,0.7916667,0.15590239
pnn50,0.75,0.17677669
lf_power,0.5833333,0.29462782
rmssd,0.5833333,0.15590239
mean_rr,0.5416667,0.25685057
hr_mean,0.45833334,0.25685057
lf_hf_ratio,0.45833334,0.38640076
sdnn,0.33333334,0.21245915
