feature,RFE,MI,RF,PI
mean_rr,0.5416667,0.00532708,0.14115788,0.012698413
sdnn,0.33333334,0.0,0.10294906,0.14
rmssd,0.5833333,0.0,0.1105412,0.033333335
pnn50,0.75,0.0027296776,0.13595982,0.035555556
hr_mean,0.45833334,0.0,0.11092892,0.028571429
lf_power,0.5833333,0.102044255,0.067650996,0.05333333
hf_power,0.7916667,0.09601972,0.16955169,0.24000001
lf_hf_ratio,0.45833334,0.013371813,0.16126044,0.06666667
